{"episode": 2634, "total_reward": 0.5232887685383136, "avg_reward": -186.93491552873232, "epsilon": 0.07271893352519081, "_timestamp": 1686997280.856026, "_runtime": 3761.109102010727, "_step": 2633}