{"episode": 200, "total_reward": -84.68439650462393, "avg_reward": -200.43217071901574, "_timestamp": 1684502630.894608, "_runtime": 1192.221657037735, "_step": 199, "_wandb": {"runtime": 1192}}