{"episode": 4, "total_reward": -2385.601825124816, "avg_reward": -2308.9460770918126, "epsilon": 0.9960119813546475, "_timestamp": 1686747560.5820725, "_runtime": 28.774454593658447, "_step": 3, "_wandb": {"runtime": 35}}