{"episode": 104, "total_reward": -2328.6772812619256, "avg_reward": -2398.2233616847284, "_timestamp": 1686642825.5750358, "_runtime": 5025.371109724045, "_step": 103, "_wandb": {"runtime": 5053}}