{"episode": 200, "total_reward": -2075.2000983822304, "avg_reward": -1548.0150655330817, "_timestamp": 1685010755.6704788, "_runtime": 1746.7078528404236, "_step": 199, "_wandb": {"runtime": 1746}}