{"episode": 5000, "total_reward": -274.22039642512476, "avg_reward": -303.8583120536182, "epsilon": 0.007731209052086381, "_timestamp": 1687013215.5893607, "_runtime": 8153.56923365593, "_step": 4999, "_wandb": {"runtime": 8120}}