{"episode": 14, "total_reward": -605.4755367012589, "avg_reward": -554.194555380107, "_timestamp": 1685023265.810843, "_runtime": 137.6558768749237, "_step": 13, "_wandb": {"runtime": 138}}