{"episode": 280, "total_reward": -617.7402897235629, "avg_reward": -184.12148482468803, "_timestamp": 1684661292.1415799, "_runtime": 1211.3424909114838, "_step": 279}