{"episode": 1000, "total_reward": -434.5427020486414, "avg_reward": -376.8370551702235, "_timestamp": 1686611432.005824, "_runtime": 9141.980444192886, "_step": 999, "_wandb": {"runtime": 9142}}