{"episode": 3, "total_reward": -929.1133091383715, "avg_reward": -916.8384361528352, "_timestamp": 1686489941.072731, "_runtime": 29.73936700820923, "_step": 2, "_wandb": {"runtime": 33}}