{"episode": 1, "total_reward": -3026.0860701958945, "avg_reward": -3026.0860701958945, "_timestamp": 1686437042.7293136, "_runtime": 45.48072052001953, "_step": 0, "_wandb": {"runtime": 82}}