{"episode": 45, "total_reward": -1876.6500918133154, "avg_reward": -2154.5090344238297, "epsilon": 0.9082416102596118, "_timestamp": 1686746160.745606, "_runtime": 1254.3628189563751, "_step": 44, "_wandb": {"runtime": 1253}}