{"episode": 37, "total_reward": -715.7136181231155, "avg_reward": -506.05528458696443, "_timestamp": 1685021874.7994065, "_runtime": 282.34001541137695, "_step": 36, "_wandb": {"runtime": 282}}