{"episode": 25, "total_reward": -3228.257412864818, "avg_reward": -3125.6777176337705, "_timestamp": 1686583609.086561, "_runtime": 1140.0525660514832, "_step": 24, "_wandb": {"runtime": 1177}}