{"episode": 2, "total_reward": -290.69704143131844, "avg_reward": -540.5196712921081, "_timestamp": 1684659661.6532555, "_runtime": 10.136356353759766, "_step": 1, "_wandb": {"runtime": 13}}