{"episode": 6, "total_reward": -2074.5106237786476, "avg_reward": -2082.0769215045043, "_timestamp": 1686731826.011018, "_runtime": 161.17526698112488, "_step": 5, "_wandb": {"runtime": 168}}