{"time_step": 100, "u": 1.2000000000000002, "q": -0.17075546921022866, "v": -0.1007214900505019, "_timestamp": 1685266554.1195796, "_runtime": 16.245532512664795, "_step": 99}