{"time_step": 50, "u": 2.0, "q": -2.7548270789032987, "v": 6.4423226195069665, "_timestamp": 1685185837.8160212, "_runtime": 6.566676139831543, "_step": 49, "_wandb": {"runtime": 15}}