{"episode": 1, "total_reward": -892.5593207907954, "avg_reward": -892.5593207907954, "_timestamp": 1685020001.4247742, "_runtime": 10.01487112045288, "_step": 0, "_wandb": {"runtime": 16}}