{"episode": 12, "total_reward": -3863.045606488867, "avg_reward": -6027.496928817288, "_timestamp": 1685019976.0816712, "_runtime": 111.55184721946716, "_step": 11, "_wandb": {"runtime": 112}}