{"episode": 468, "total_reward": -381.30142897318837, "avg_reward": -408.537251090596, "_timestamp": 1686588984.0948067, "_runtime": 4866.1850736141205, "_step": 467, "_wandb": {"runtime": 4872}}