{"episode": 2, "total_reward": -1198.186723785506, "avg_reward": -918.3175682561753, "_timestamp": 1685018076.743566, "_runtime": 22.154850959777832, "_step": 1, "_wandb": {"runtime": 26}}