{"time_step": 100, "u": -7.2, "q": 1.6420057085885098, "v": 1.3472434753135936, "_timestamp": 1686323246.5431108, "_runtime": 19.21410083770752, "_step": 99, "_wandb": {"runtime": 39}}