{"episode": 9802, "total_reward": -1737.7520513630766, "avg_reward": -1981.7855710183828, "epsilon": 0.008431701069694262, "_timestamp": 1686985497.615666, "_runtime": 76137.2873249054, "_step": 9801, "_wandb": {"runtime": 76141}}