{"time_step": 100, "u": -9.0, "q": -0.28865009536483965, "v": 0.0015285987647972732, "_timestamp": 1686236527.6214464, "_runtime": 10.238969326019287, "_step": 99, "_wandb": {"runtime": 10}}