{"time_step": 100, "u": -1.6, "q": 0.31358716647440366, "v": -0.002493967032204787, "_timestamp": 1685719401.9852154, "_runtime": 6.4991655349731445, "_step": 99, "_wandb": {"runtime": 27}}