{"episode": 8, "total_reward": -163.62796585789843, "avg_reward": -129.12310665220966, "_timestamp": 1684499545.8073347, "_runtime": 11.4784517288208, "_step": 7, "_wandb": {"runtime": 11}}