{"episode": 100, "total_reward": -622.4196320260833, "avg_reward": -516.3569629988838, "_timestamp": 1685022780.6529899, "_runtime": 892.5037188529968, "_step": 99, "_wandb": {"runtime": 892}}