{"episode": 43, "total_reward": -2220.566317983393, "avg_reward": -2192.450348556732, "epsilon": 0.9100579091736121, "_timestamp": 1686747336.5892947, "_runtime": 1147.1151287555695, "_step": 42, "_wandb": {"runtime": 1151}}