{"episode": 6, "total_reward": -2373.3879416455406, "avg_reward": -2235.9430420981475, "epsilon": 0.938680055505972, "_timestamp": 1686744803.2591896, "_runtime": 171.08764266967773, "_step": 5, "_wandb": {"runtime": 172}}