{"episode": 1, "total_reward": -2132.760764361684, "avg_reward": -2132.760764361684, "epsilon": 0.9995006248541901, "_timestamp": 1686985573.5990314, "_runtime": 10.527056455612183, "_step": 0, "_wandb": {"runtime": 9}}