{"episode": 2, "total_reward": -291.052404114807, "avg_reward": -424.43791851796925, "_timestamp": 1685024972.0090263, "_runtime": 18.014323234558105, "_step": 1, "_wandb": {"runtime": 19}}