{"episode": 3541, "total_reward": -2211.6566842135244, "avg_reward": -1398.4836996518022, "epsilon": 0.029955343928687112, "_timestamp": 1686781098.08557, "_runtime": 33513.38838219643, "_step": 3540, "_wandb": {"runtime": 33520}}