{"episode": 5, "total_reward": -920.8027242516273, "avg_reward": -721.4785850852611, "_timestamp": 1685004045.840759, "_runtime": 37.191975116729736, "_step": 4, "_wandb": {"runtime": 41}}