{"time_step": 100, "u": 0.25, "_timestamp": 1685021422.1517017, "_runtime": 16.171851634979248, "_step": 99, "_wandb": {"runtime": 16}}