{"episode": 1, "total_reward": -2553.5056933447513, "avg_reward": -2553.5056933447513, "_timestamp": 1686437137.0197823, "_runtime": 46.16039729118347, "_step": 0, "_wandb": {"runtime": 81}}