{"episode": 96, "total_reward": -418.2469785105512, "avg_reward": -397.2570004329025, "_timestamp": 1684501196.4624407, "_runtime": 700.5180196762085, "_step": 95, "_wandb": {"runtime": 709}}