{"episode": 1, "total_reward": -505.00170350929756, "avg_reward": -505.00170350929756, "_timestamp": 1685024883.9429905, "_runtime": 9.26192045211792, "_step": 0, "_wandb": {"runtime": 12}}