{"time_step": 100, "u": -1.2, "q": 2.51165524781147, "v": -0.2584810501520787, "_timestamp": 1686153620.3388402, "_runtime": 5.327904224395752, "_step": 99, "_wandb": {"runtime": 11}}