{"episode": 10000, "total_reward": -1534.40694721285, "avg_reward": -1941.8420855642344, "epsilon": 0.3685115617302709, "_timestamp": 1687114466.6259859, "_runtime": 90058.743339777, "_step": 9999, "_wandb": {"runtime": 90059}}