{"episode": 17, "total_reward": -2426.4437680640617, "avg_reward": -2386.1954213079102, "_timestamp": 1686394079.9730673, "_runtime": 669.6850872039795, "_step": 16, "_wandb": {"runtime": 696}}