{"time_step": 100, "u": -6.399999999999999, "q": 2.5020998203976976, "v": -1.3752763834155939, "_timestamp": 1686301639.948832, "_runtime": 11.292814016342163, "_step": 99, "_wandb": {"runtime": 21}}