{"episode": 20, "total_reward": -759.7266848728018, "avg_reward": -563.9878906845213, "_timestamp": 1686490563.0982068, "_runtime": 206.44521570205688, "_step": 19, "_wandb": {"runtime": 212}}