{"episode": 1127, "total_reward": -2506.878552955251, "avg_reward": -2605.4257075325836, "_timestamp": 1686484045.5325394, "_runtime": 46788.6710562706, "_step": 1126, "_wandb": {"runtime": 46807}}