{"episode": 1, "total_reward": -2215.42846764594, "avg_reward": -2215.42846764594, "_timestamp": 1686744417.7777689, "_runtime": 43.727455854415894, "_step": 0, "_wandb": {"runtime": 76}}