{"time_step": 100, "u": 1.6, "q": 2.91435761912346, "v": 0.8204543678314035, "_timestamp": 1685025162.596366, "_runtime": 4.769906997680664, "_step": 99, "_wandb": {"runtime": 45}}