{"episode": 2, "total_reward": -487.49767749702556, "avg_reward": -378.2671409577987, "_timestamp": 1684659703.4464765, "_runtime": 11.439330577850342, "_step": 1, "_wandb": {"runtime": 11}}