{"episode": 9, "total_reward": -391.81116574624906, "avg_reward": -489.7507817579032, "_timestamp": 1686643112.9060247, "_runtime": 80.07128262519836, "_step": 8, "_wandb": {"runtime": 80}}