{"episode": 2, "total_reward": -581.4786179261879, "avg_reward": -509.94911255386467, "_timestamp": 1684500418.4786336, "_runtime": 18.87397074699402, "_step": 1, "_wandb": {"runtime": 26}}