{"episode": 1, "total_reward": -2207.0763951078156, "avg_reward": -2207.0763951078156, "epsilon": 0.948103896735299, "_timestamp": 1686744850.9328465, "_runtime": 36.32559156417847, "_step": 0, "_wandb": {"runtime": 43}}