{"episode": 15, "total_reward": -550.1222968390529, "avg_reward": -563.2746355566998, "_timestamp": 1686487142.80989, "_runtime": 212.69293594360352, "_step": 14, "_wandb": {"runtime": 201}}