{"episode": 4, "total_reward": -228.2515911389062, "avg_reward": -281.0882548112897, "_timestamp": 1686486442.8133857, "_runtime": 67.66708374023438, "_step": 3, "_wandb": {"runtime": 62}}