{"episode": 200, "total_reward": -175.51112812052693, "avg_reward": -179.11507173149766, "_timestamp": 1684490770.345332, "_runtime": 1322.041620016098, "_step": 199, "_wandb": {"runtime": 1322}}