{"episode": 1000, "total_reward": -447.976940779548, "avg_reward": -209.43955650762317, "_timestamp": 1686652183.7649002, "_runtime": 9052.297946214676, "_step": 999, "_wandb": {"runtime": 9053}}