{"episode": 9, "total_reward": -209.58135399900172, "avg_reward": -292.59835196724407, "_timestamp": 1686485430.8669915, "_runtime": 142.8111605644226, "_step": 8, "_wandb": {"runtime": 123}}