{"episode": 1, "total_reward": -3294.0221521565563, "avg_reward": -3294.0221521565563, "_timestamp": 1686555038.0685601, "_runtime": 54.32223606109619, "_step": 0, "_wandb": {"runtime": 55}}