{"episode": 13, "total_reward": -2417.1833180406124, "avg_reward": -2255.2172556128507, "_timestamp": 1686732218.1523578, "_runtime": 349.23373675346375, "_step": 12, "_wandb": {"runtime": 362}}