{"episode": 1000, "total_reward": -937.8094532967591, "avg_reward": -1860.8411180890648, "_timestamp": 1686699057.8664768, "_runtime": 45011.371374845505, "_step": 999, "_wandb": {"runtime": 45012}}