{"time_step": 5, "u": 1.6, "_timestamp": 1685022845.8152893, "_runtime": 25.110117197036743, "_step": 4, "_wandb": {"runtime": 24}}