{"episode": 5000, "total_reward": -197.16247583783857, "avg_reward": -198.88456620232196, "epsilon": 0.007731209052086381, "_timestamp": 1686993054.4758246, "_runtime": 7281.673744678497, "_step": 4999, "_wandb": {"runtime": 7281}}