{"episode": 161, "total_reward": -2109.269266223337, "avg_reward": -2171.2420668502596, "epsilon": 0.9227322486801728, "_timestamp": 1686909227.1381636, "_runtime": 978.3008296489716, "_step": 160, "_wandb": {"runtime": 973}}