{"episode": 8, "total_reward": -332.5574068011362, "avg_reward": -396.87932151633663, "_timestamp": 1686485258.1833348, "_runtime": 102.83106875419617, "_step": 7, "_wandb": {"runtime": 90}}