{"episode": 237, "total_reward": -393.23900563366624, "avg_reward": -450.0231489611517, "_timestamp": 1686592054.8312857, "_runtime": 2248.435717821121, "_step": 236, "_wandb": {"runtime": 2256}}