{"time_step": 50, "u": -0.7999999999999998, "q": -1.720360368942213, "v": 3.194303108485334, "_timestamp": 1685183778.8203163, "_runtime": 4.3191304206848145, "_step": 49, "_wandb": {"runtime": 12}}