{"episode": 500, "reward": -159.49610387833317, "_timestamp": 1684488724.7208104, "_runtime": 3315.385086297989, "_step": 499, "_wandb": {"runtime": 3482}}