{"time_step": 100, "u": 0.25, "_timestamp": 1685021529.6706836, "_runtime": 18.75397253036499, "_step": 99, "_wandb": {"runtime": 19}}