{"episode": 2, "total_reward": -920.3662929241398, "avg_reward": -936.0406865253892, "_timestamp": 1686487448.8883502, "_runtime": 26.337892293930054, "_step": 1, "_wandb": {"runtime": 33}}