{"episode": 569, "total_reward": -2815.19745888976, "avg_reward": -2761.6698364981075, "_timestamp": 1686637452.6500082, "_runtime": 25066.539439201355, "_step": 568, "_wandb": {"runtime": 25085}}