{"episode": 100, "loss": -206.82252792570236, "_timestamp": 1684485189.3906858, "_runtime": 726.5105876922607, "_step": 99, "_wandb": {"runtime": 728}}