{"episode": 200, "total_reward": -84.91055687574351, "avg_reward": -97.37643767536234, "_timestamp": 1684492118.8147054, "_runtime": 268.946816444397, "_step": 199, "_wandb": {"runtime": 268}}