{"episode": 600, "total_reward": -2190.3885321557423, "avg_reward": -1401.1592061980994, "_timestamp": 1685017965.115887, "_runtime": 6995.742754936218, "_step": 599, "_wandb": {"runtime": 6996}}