{"episode": 8, "total_reward": -303.67423986004394, "avg_reward": -497.6947426537356, "_timestamp": 1685004501.9423594, "_runtime": 57.61437249183655, "_step": 7, "_wandb": {"runtime": 57}}