{"episode": 2, "total_reward": -581.918505785929, "avg_reward": -636.1516772491807, "_timestamp": 1685002380.4860325, "_runtime": 18.020679473876953, "_step": 1, "_wandb": {"runtime": 18}}