{"episode": 9, "total_reward": -823.698606024383, "avg_reward": -832.1209634693039, "_timestamp": 1685005019.947278, "_runtime": 89.9446849822998, "_step": 8, "_wandb": {"runtime": 89}}