{"episode": 1000, "total_reward": -271.55891824387646, "avg_reward": -252.4796361518654, "_timestamp": 1686601587.4848237, "_runtime": 9403.812092781067, "_step": 999, "_wandb": {"runtime": 9404}}