{"episode": 5000, "total_reward": -327.0758886664206, "avg_reward": -431.68866341623806, "epsilon": 0.007731209052086381, "_timestamp": 1687021856.482681, "_runtime": 8286.205950021744, "_step": 4999, "_wandb": {"runtime": 8286}}