{"episode": 1, "total_reward": -2374.466823369521, "avg_reward": -2374.466823369521, "_timestamp": 1686436872.4251244, "_runtime": 47.62248945236206, "_step": 0, "_wandb": {"runtime": 52}}