{"episode": 200, "total_reward": -808.6404783990886, "avg_reward": -812.0311863631654, "_timestamp": 1685006435.795913, "_runtime": 1402.941300868988, "_step": 199, "_wandb": {"runtime": 1402}}