{"episode": 37, "total_reward": -1493.0581699927136, "avg_reward": -1504.5787501768202, "_timestamp": 1686589789.4557934, "_runtime": 373.8241903781891, "_step": 36, "_wandb": {"runtime": 375}}