{"episode": 317, "total_reward": -2632.8832035375704, "avg_reward": -2705.6127087466193, "_timestamp": 1686517597.5493503, "_runtime": 16353.387369155884, "_step": 316, "_wandb": {"runtime": 16378}}