{"episode": 100, "total_reward": -1665.447482993813, "avg_reward": -1070.2517610931357, "_timestamp": 1685024273.0075743, "_runtime": 914.268363237381, "_step": 99, "_wandb": {"runtime": 914}}