{"episode": 1007, "total_reward": -2851.3395592318116, "avg_reward": -2442.869654252897, "_timestamp": 1686436223.5846965, "_runtime": 41872.197402477264, "_step": 1006, "_wandb": {"runtime": 41913}}