{"time_step": 100, "u": -1.6, "q": -2.284554609881921, "v": 2.3856800414976487, "_timestamp": 1685025384.7080996, "_runtime": 4.676865577697754, "_step": 99, "_wandb": {"runtime": 13}}