{"time_step": 100, "u": 1.6, "q": 3.0092800797128225, "v": 1.3218303286982056, "_timestamp": 1685025294.852666, "_runtime": 5.592595815658569, "_step": 99, "_wandb": {"runtime": 48}}