{"episode": 50, "total_reward": -333.58210175093546, "avg_reward": -407.9977451539638, "_timestamp": 1684659965.6909182, "_runtime": 236.1991171836853, "_step": 49, "_wandb": {"runtime": 240}}