{"episode": 44, "total_reward": -118.1514808006511, "avg_reward": -308.5302821694663, "_timestamp": 1686486034.8368409, "_runtime": 563.8349239826202, "_step": 43, "_wandb": {"runtime": 557}}