{"episode": 3, "total_reward": -2062.104835921876, "avg_reward": -1469.9738814894174, "_timestamp": 1685019819.5342062, "_runtime": 27.672458171844482, "_step": 2, "_wandb": {"runtime": 29}}