{"episode": 66, "total_reward": -557.9788312100002, "avg_reward": -421.5487612055382, "_timestamp": 1685026053.3116891, "_runtime": 558.7179930210114, "_step": 65}