{"episode": 1, "loss": -105.37104987351249, "_timestamp": 1684484450.4993548, "_runtime": 6.561507940292358, "_step": 0, "_wandb": {"runtime": 6}}