{"episode": 5, "total_reward": -756.0278481494079, "avg_reward": -857.6354671443502, "_timestamp": 1685020070.1689103, "_runtime": 46.342958211898804, "_step": 4, "_wandb": {"runtime": 48}}