{"episode": 1, "total_reward": -3039.734162789063, "avg_reward": -3039.734162789063, "_timestamp": 1686518020.7036612, "_runtime": 88.15197324752808, "_step": 0, "_wandb": {"runtime": 89}}