{"time_step": 100, "u": 1.2000000000000002, "q": -2.709266187292475, "v": 0.19933030721164052, "_timestamp": 1685025104.7718718, "_runtime": 9.280390739440918, "_step": 99, "_wandb": {"runtime": 43}}