{"episode": 1, "total_reward": -1580.8128338719941, "avg_reward": -1580.8128338719941, "_timestamp": 1686393464.7402272, "_runtime": 54.45224714279175, "_step": 0}