{"episode": 498, "total_reward": -2685.505475663575, "avg_reward": -2725.323967995602, "_timestamp": 1686581452.0193398, "_runtime": 26369.696792840958, "_step": 497, "_wandb": {"runtime": 26397}}