{"episode": 200, "total_reward": -62.87268769921627, "avg_reward": -102.8364390571702, "_timestamp": 1684491794.4091873, "_runtime": 386.9763102531433, "_step": 199, "_wandb": {"runtime": 386}}