{"episode": 703, "total_reward": -3138.7787810640366, "avg_reward": -3157.9563719329362, "_timestamp": 1686554575.3213654, "_runtime": 36182.438732385635, "_step": 702, "_wandb": {"runtime": 36231}}