{"episode": 43, "total_reward": -298.37632695360304, "avg_reward": -524.3284938735171, "_timestamp": 1685024860.5297034, "_runtime": 408.8264274597168, "_step": 42, "_wandb": {"runtime": 411}}