{"time_step": 100, "u": -1.6, "q": 0.31509705287706113, "v": -0.014588714673739688, "_timestamp": 1685468080.883427, "_runtime": 7.243247985839844, "_step": 99, "_wandb": {"runtime": 50}}