{"episode": 1, "total_reward": -2235.80209945631, "avg_reward": -2235.80209945631, "_timestamp": 1686653946.3709993, "_runtime": 37.41248822212219, "_step": 0, "_wandb": {"runtime": 50}}