{"episode": 11, "total_reward": -3018.5850588506833, "avg_reward": -2604.5484031163473, "_timestamp": 1686491093.0082228, "_runtime": 486.5155339241028, "_step": 10, "_wandb": {"runtime": 487}}