{"episode": 6, "total_reward": -1803.1712309590564, "avg_reward": -2331.0227245334913, "_timestamp": 1686394308.8802052, "_runtime": 187.07818126678467, "_step": 5, "_wandb": {"runtime": 220}}