{"episode": 4, "reward": -396.6082149754159, "_timestamp": 1684485223.4889238, "_runtime": 26.39397883415222, "_step": 3, "_wandb": {"runtime": 27}}