{"episode": 100, "total_reward": -1333.995505402675, "avg_reward": -1377.6916505822512, "_timestamp": 1685019179.1587808, "_runtime": 1079.7005927562714, "_step": 99, "_wandb": {"runtime": 1080}}