{"episode": 184, "total_reward": -2847.019358256161, "avg_reward": -2734.3662302562484, "_timestamp": 1686501171.0312567, "_runtime": 9966.460559606552, "_step": 183, "_wandb": {"runtime": 9977}}