{"episode": 6, "total_reward": -591.1834908517429, "avg_reward": -568.147248450106, "_timestamp": 1686490320.5203316, "_runtime": 63.584975719451904, "_step": 5, "_wandb": {"runtime": 67}}