{"episode": 4, "total_reward": -630.5995192598909, "avg_reward": -544.2500975034529, "_timestamp": 1686486140.1618454, "_runtime": 66.31342554092407, "_step": 3, "_wandb": {"runtime": 60}}