{"episode": 3475, "total_reward": -3.823420613686919, "avg_reward": -163.89390999680703, "epsilon": 0.0319308719893537, "_timestamp": 1686998695.11152, "_runtime": 5175.364596128464, "_step": 3474}