{"episode": 16, "total_reward": -232.62397414001276, "avg_reward": -461.3887560560156, "_timestamp": 1685180579.8928914, "_runtime": 164.9943025112152, "_step": 15, "_wandb": {"runtime": 168}}