{"episode": 1, "total_reward": -1318.1676324646783, "avg_reward": -1318.1676324646783, "_timestamp": 1685019507.7968965, "_runtime": 8.616166353225708, "_step": 0, "_wandb": {"runtime": 10}}