{"episode": 345, "total_reward": -2069.8688614124158, "avg_reward": -1961.5320601945973, "_timestamp": 1686668593.684071, "_runtime": 14547.188969135284, "_step": 344}