{"episode": 21, "total_reward": -598.8015981538833, "avg_reward": -432.2122175204254, "_timestamp": 1685180392.6545794, "_runtime": 178.74649047851562, "_step": 20, "_wandb": {"runtime": 183}}