{"time_step": 100, "u": 7.199999999999999, "q": 3.1175574701308975, "v": -0.9792505182717468, "_timestamp": 1686309141.1889672, "_runtime": 10.607145309448242, "_step": 99, "_wandb": {"runtime": 46}}