{"episode": 25, "total_reward": -297.50194999174386, "avg_reward": -322.54156568140604, "_timestamp": 1686486808.8530552, "_runtime": 329.6067283153534, "_step": 24, "_wandb": {"runtime": 324}}