{"time_step": 100, "u": -9.0, "q": 2.2438986954027715, "v": -1.3011247090564673, "_timestamp": 1686236477.3894076, "_runtime": 6.850842714309692, "_step": 99, "_wandb": {"runtime": 14}}