{"episode": 4851, "total_reward": -2021.103365050092, "avg_reward": -1893.8972494064556, "epsilon": 0.08934545714944758, "_timestamp": 1686817710.1206295, "_runtime": 35891.516657590866, "_step": 4850, "_wandb": {"runtime": 35897}}