{"episode": 10, "total_reward": -420.07287044513254, "avg_reward": -416.70008520496486, "_timestamp": 1685180189.8020546, "_runtime": 85.89241361618042, "_step": 9, "_wandb": {"runtime": 91}}