{"episode": 3, "total_reward": -425.86391333051915, "avg_reward": -562.2236893754258, "_timestamp": 1684489289.9421637, "_runtime": 20.132903814315796, "_step": 2, "_wandb": {"runtime": 20}}