{"episode": 13, "total_reward": -2229.9479801953266, "avg_reward": -2187.485381536281, "epsilon": 0.9377428441342529, "_timestamp": 1686747445.5707858, "_runtime": 93.25110578536987, "_step": 12, "_wandb": {"runtime": 99}}